#{"t_start": 1715681333.7286725, "env_id": "ALE/MsPacman-ram-v5"}
r,l,t
160.0,485,2516.057108
160.0,577,2516.680902
110.0,529,2517.243067
