#{"t_start": 1715676648.497538, "env_id": "ALE/MsPacman-ram-v5"}
r,l,t
210.0,375,2187.291667
210.0,375,2203.536564
210.0,375,2220.145471
