#{"t_start": 1715671937.1844804, "env_id": "ALE/MsPacman-ram-v5"}
r,l,t
1950.0,663,2007.185993
550.0,521,2007.511471
400.0,495,2007.841845
