#{"t_start": 1715704991.394402, "env_id": "ALE/MsPacman-ram-v5"}
r,l,t
270.0,559,2355.451408
230.0,529,2355.963091
240.0,477,2356.42241
